,predicted,actual
0,1,0
1,0,-2
2,0,1
3,0,0
4,0,-1
5,1,3
6,0,1
7,0,0
8,0,5
9,7,1
10,0,-1
11,-1,-4
12,0,0
13,1,2
14,0,0
15,0,0
16,0,0
17,0,4
18,0,1
19,0,2
20,0,-2
21,3,4
22,0,0
23,1,2
24,0,2
25,0,-2
26,0,3
27,1,-2
28,0,-1
29,1,4
30,0,1
31,0,0
32,0,0
33,0,1
34,2,1
35,0,-4
36,0,0
37,0,-2
38,0,1
39,0,0
40,1,1
41,0,-1
42,0,2
43,0,1
44,-2,0
45,2,0
46,0,0
47,1,2
48,0,1
49,0,0
50,0,-1
51,-1,1
52,1,2
53,2,-1
54,0,2
55,0,3
56,1,0
57,1,2
58,1,3
59,3,3
60,0,1
61,0,1
62,6,0
63,0,1
64,0,-1
65,1,2
66,0,5
67,0,-3
68,-1,0
69,-1,-4
70,0,1
71,0,-2
72,-2,-1
73,0,0
74,0,3
75,0,-1
76,0,6
77,0,3
78,0,1
79,0,1
80,0,0
81,2,0
82,1,2
83,0,0
84,1,0
85,3,0
86,0,2
87,0,0
88,0,1
89,1,0
90,0,1
91,0,-1
92,0,0
93,0,-1
94,1,2
95,0,2
96,2,1
97,0,0
98,0,-2
99,0,1
100,0,1
101,-1,0
102,0,2
103,0,2
104,0,0
105,2,0
106,0,1
107,0,0
108,2,2
109,1,1
110,0,1
111,0,-1
112,0,1
113,0,1
114,0,0
115,-2,-6
116,0,5
117,0,0
118,0,1
119,-5,1
120,0,2
121,0,0
122,0,1
123,0,2
124,0,0
125,0,0
126,-1,0
127,0,-3
128,0,3
129,0,-1
130,1,-1
131,0,1
132,0,-2
133,0,1
134,0,1
135,0,1
136,1,-1
137,0,-1
138,0,1
139,3,1
140,0,0
141,0,-2
142,0,2
143,1,1
144,0,0
145,1,-1
146,1,2
147,0,0
148,0,-1
149,0,3
150,0,0
151,0,-1
152,0,-1
153,0,0
154,0,1
155,0,1
156,0,-1
157,1,0
158,0,2
159,0,1
160,3,5
161,0,3
162,0,2
163,0,0
164,0,0
165,0,-2
166,0,0
167,0,1
168,0,1
169,0,3
170,0,-1
171,1,0
172,0,1
173,1,4
174,0,0
175,0,-2
176,1,3
177,0,-1
178,0,2
179,2,0
180,0,1
181,-3,0
182,-2,-1
183,0,0
184,0,0
185,0,-4
186,2,1
187,-6,-1
188,0,0
189,0,-1
190,0,-2
191,1,1
192,1,0
193,0,-2
194,0,0
195,-1,1
196,0,-1
197,0,1
198,0,-1
199,0,2
200,0,1
201,0,-2
202,0,-3
203,0,4
204,1,2
205,6,1
206,0,-1
207,0,0
208,0,0
209,1,0
210,1,0
211,0,-3
212,0,-2
213,0,2
214,0,-3
215,0,-3
216,0,0
217,0,-1
218,0,1
219,0,1
220,1,2
221,0,1
222,0,1
223,0,-1
224,0,-1
225,1,5
226,0,1
227,0,0
228,1,1
229,-1,0
230,0,2
231,0,-2
232,0,0
233,0,-3
234,1,2
235,0,0
236,1,2
237,0,0
238,0,-2
239,0,2
240,0,0
241,1,1
242,0,-2
243,0,-1
244,0,-1
245,0,-1
246,0,2
247,-2,-1
248,1,1
249,2,1
250,0,1
251,-1,-1
252,3,-3
253,0,-1
254,0,1
255,0,0
256,0,0
257,0,0
258,0,1
259,1,0
260,0,2
261,7,0
262,0,2
263,0,-3
264,0,-1
265,0,0
266,0,3
267,0,1
268,0,-1
269,1,-1
270,0,1
271,1,0
272,0,-2
273,0,0
274,-6,-1
275,1,1
276,2,4
277,0,0
278,1,2
279,0,-1
280,-1,-3
281,0,1
282,0,2
283,0,1
284,0,-2
285,0,2
286,1,4
287,0,1
288,2,2
289,1,2
290,1,-1
291,0,-2
292,0,1
293,0,-1
294,2,0
295,0,2
296,1,1
297,1,1
298,0,2
299,0,1
300,0,-1
301,0,-2
302,0,0
303,0,0
304,0,0
305,0,1
306,0,0
307,0,-2
308,6,1
309,1,0
310,0,3
311,0,0
312,7,-1
313,0,0
314,-2,-1
315,0,1
316,1,3
317,1,-3
318,1,-1
319,-1,0
320,1,-1
321,0,1
322,0,2
323,0,-1
324,0,-6
325,0,1
326,0,-2
327,1,-1
328,2,2
329,0,-1
330,0,-3
331,0,6
332,1,0
333,1,1
334,7,3
335,1,6
336,-2,-5
337,0,-1
338,0,0
339,0,1
340,1,3
341,0,1
342,2,0
343,1,4
344,0,-2
345,0,2
346,1,1
347,0,-1
348,1,-2
349,0,-2
350,0,-2
351,2,3
352,0,-1
353,0,-2
354,1,0
355,0,0
356,1,0
357,0,-2
358,1,0
359,3,-1
360,0,1
361,1,-2
362,0,0
363,0,1
364,1,-1
365,0,4
366,0,0
367,0,1
368,0,2
369,0,-2
370,0,1
371,0,2
372,1,2
373,0,-2
374,0,1
375,0,0
376,0,-1
377,1,-1
378,0,2
379,0,-1
380,-5,-1
381,0,1
382,0,0
383,0,2
384,0,-1
385,0,1
386,0,4
387,5,1
388,1,-1
389,0,0
390,1,-3
391,1,3
392,0,1
393,-1,0
394,1,0
395,1,2
396,0,1
397,-1,-3
398,0,-1
399,1,1
400,0,1
401,0,0
402,-3,-1
403,1,3
404,1,2
405,-6,-2
406,0,-2
407,0,0
408,0,3
409,1,3
410,1,2
411,2,2
412,-1,-1
413,0,0
414,0,-2
415,-1,-1
416,0,-2
417,2,2
418,1,-1
419,0,1
420,0,2
421,0,4
422,0,1
423,0,0
424,0,-1
425,0,1
426,0,-1
427,0,2
428,0,1
429,1,1
430,0,-5
431,1,2
432,0,-2
433,0,1
434,0,1
435,-3,-1
436,-1,1
437,1,5
438,0,1
439,0,0
440,0,1
441,3,5
442,0,1
443,0,0
444,0,1
445,0,1
446,1,-1
447,1,1
448,-2,-4
449,0,1
450,-4,-4
451,0,0
452,1,1
453,0,1
454,0,0
455,0,2
456,0,-1
457,1,-1
458,1,1
459,0,-1
460,0,1
461,0,0
462,1,-1
463,1,0
464,0,0
465,1,3
466,1,0
467,0,2
468,1,2
469,0,2
470,0,2
471,1,1
472,-1,2
473,0,1
474,0,0
475,1,-1
476,6,1
477,0,-2
478,0,-1
479,3,3
480,0,0
481,3,-3
482,-2,1
483,0,1
484,7,1
485,0,2
486,0,7
487,-1,0
488,0,1
489,1,-2
490,1,1
491,0,0
492,0,0
493,-4,-1
494,-6,-1
495,-1,-2
496,0,1
497,0,-1
498,1,1
499,0,0
500,0,1
501,0,2
502,1,0
503,0,-2
504,1,0
505,0,0
506,0,0
507,7,3
508,0,-1
509,0,-2
510,1,1
511,1,0
512,0,-3
513,0,1
514,0,0
515,0,0
516,0,1
517,-1,-1
518,0,-1
519,0,2
520,1,2
521,-1,-2
522,0,3
523,0,-2
524,1,2
525,0,1
526,1,0
527,0,-3
528,1,1
529,-6,-5
530,0,-1
531,1,-1
532,0,2
533,1,2
534,0,2
535,1,-1
536,0,0
537,-1,-1
538,0,0
539,0,0
540,-2,3
541,0,2
542,0,0
543,1,-4
544,1,1
545,0,1
546,1,1
547,1,0
548,0,0
549,0,1
550,1,1
551,0,-1
552,0,1
553,0,-5
554,0,-1
555,0,-1
556,0,0
557,-2,0
558,1,0
559,0,-1
560,0,0
561,0,0
562,0,0
563,1,-2
564,0,3
565,-1,2
566,0,-2
567,0,1
568,0,1
569,0,-1
570,0,0
571,0,3
572,0,5
573,0,0
574,0,0
575,0,-2
576,-1,0
577,-7,-1
578,1,0
579,0,2
580,1,3
581,2,1
582,7,0
583,0,0
584,0,3
585,0,1
586,0,1
587,1,3
588,0,-2
589,0,2
590,0,2
591,1,2
592,0,-4
593,0,0
594,1,2
595,0,3
596,0,-2
597,0,3
598,1,0
599,0,-2
600,1,2
601,0,-1
602,0,-4
603,0,2
604,0,-1
605,1,1
606,1,2
607,0,-1
608,0,3
609,0,-1
610,1,1
611,1,2
612,0,1
613,1,0
614,1,1
615,0,3
616,2,5
617,-1,0
618,1,2
619,-1,-1
620,0,-1
621,0,-1
622,0,3
623,0,-3
624,0,-3
625,1,-1
626,0,-3
627,-1,-2
628,1,2
629,1,3
630,1,1
631,0,0
632,0,3
633,-1,1
634,0,-2
635,-6,-1
636,0,-1
637,0,-1
638,0,1
639,0,0
640,0,1
641,-2,0
642,0,4
643,0,3
644,0,-1
645,1,0
646,-1,-2
647,1,1
648,1,-2
649,-1,0
650,1,-1
651,0,0
652,0,3
653,0,-2
654,1,1
655,0,-1
656,-1,1
657,0,-2
658,0,3
659,0,1
660,0,2
661,-1,-3
662,0,0
663,0,1
664,1,-2
665,2,0
666,0,-1
667,0,2
668,1,2
669,0,1
670,0,0
671,0,2
672,1,-2
673,1,1
674,-1,1
675,0,0
676,1,-1
677,0,-3
678,0,2
679,1,0
680,0,4
681,0,1
682,0,0
683,8,4
684,0,1
685,-6,1
686,0,1
687,0,0
688,0,2
689,0,1
690,0,0
691,1,2
692,0,-1
693,7,0
694,1,2
695,-8,0
696,-1,1
697,0,-3
698,0,0
699,0,-1
700,0,-2
701,0,1
702,1,0
703,0,0
704,0,0
705,0,1
706,0,-1
707,-1,1
708,1,1
709,1,3
710,0,1
711,0,3
712,0,1
713,1,2
714,0,-2
715,0,2
716,0,2
717,0,0
718,1,2
719,1,2
720,0,-2
721,0,-4
722,0,2
723,0,-4
724,-2,-2
725,1,0
726,0,2
727,-2,-2
728,-2,-2
729,0,-1
730,0,2
731,0,1
732,0,3
733,0,0
734,1,0
735,0,0
736,0,1
737,-1,-1
738,0,1
739,0,-2
740,0,0
741,3,2
742,1,1
743,6,3
744,0,0
745,0,4
746,1,2
747,3,1
748,0,-1
749,0,-2
750,1,0
751,0,0
752,0,0
753,0,0
754,0,-1
755,0,0
756,0,-1
757,1,0
758,1,1
759,1,2
760,0,4
761,-2,0
762,0,2
763,0,1
764,-6,-2
765,1,3
766,1,3
767,-1,0
768,0,0
769,2,2
770,0,-2
771,3,4
772,0,0
773,0,0
774,1,-1
775,1,0
776,1,1
777,-4,-1
778,2,2
779,0,2
780,0,1
781,0,0
782,0,0
783,0,-2
784,0,2
785,7,0
786,0,-1
787,0,0
788,2,2
789,0,-1
790,0,0
791,0,0
792,0,1
793,1,0
794,0,1
795,1,2
796,3,2
797,1,1
798,0,-3
799,0,-1
800,0,0
801,0,3
802,2,1
803,0,2
804,0,1
805,1,-2
806,6,3
807,1,0
808,0,1
809,0,-3
810,7,0
811,0,0
812,0,0
813,0,1
814,0,5
815,2,1
816,0,3
817,2,1
818,0,-1
819,0,4
820,0,-2
821,1,4
822,0,0
823,0,-2
824,1,2
825,5,2
826,0,-2
827,0,1
828,2,1
829,1,2
830,0,0
831,1,2
832,0,-4
833,0,2
834,0,2
835,0,1
836,0,-3
837,-1,-3
838,1,1
839,0,-2
840,0,2
841,0,0
842,0,0
843,0,-2
844,0,0
845,1,4
846,0,0
847,1,-1
848,0,0
849,0,-1
850,0,1
851,0,-1
852,0,-2
853,0,-1
854,0,2
855,0,1
856,1,-2
857,0,-2
858,0,0
859,1,1
860,0,-1
861,0,2
862,1,3
863,0,1
864,1,0
865,1,0
866,0,1
867,0,0
868,-1,2
869,0,1
870,1,0
871,0,0
872,0,0
873,0,0
874,0,0
875,0,2
876,0,2
877,0,4
878,0,-2
879,0,0
880,1,2
881,0,3
882,0,-1
883,1,2
884,0,1
885,0,-4
886,0,3
887,0,-1
888,2,2
889,-7,-3
890,-6,1
891,0,-2
892,0,1
893,0,2
894,2,-2
895,0,-1
896,-1,0
897,0,0
898,1,2
899,0,0
900,1,0
901,0,1
902,0,1
903,-6,2
904,1,0
905,0,1
906,1,3
907,0,0
908,2,0
909,0,-2
910,-2,1
911,0,-2
912,1,2
913,0,3
914,-2,0
915,0,0
916,1,2
917,0,4
918,1,2
919,6,1
920,8,-1
921,1,4
922,0,-3
923,2,1
924,0,-1
925,1,1
926,0,1
927,0,0
928,0,-2
929,1,-1
930,2,3
931,0,1
932,0,2
933,0,-1
934,0,0
935,0,3
936,3,2
937,1,2
938,0,1
939,0,-2
940,7,4
941,-1,-1
942,2,5
943,0,3
944,1,-2
945,2,2
946,1,2
947,0,-1
948,0,2
949,0,0
950,2,3
951,1,1
952,0,-2
953,0,1
954,0,1
955,0,-2
956,0,2
957,0,2
958,0,2
959,0,1
960,-1,-2
961,0,2
962,0,2
963,0,1
964,0,1
965,0,0
966,1,2
967,-2,0
968,0,-2
969,0,0
970,0,-2
971,0,2
972,0,-2
973,0,0
974,1,3
975,0,-1
976,0,0
977,1,3
978,0,-2
979,-2,-1
980,0,4
981,0,-1
982,0,-2
983,0,-1
984,1,1
985,-1,1
986,0,-3
987,0,-1
988,0,0
989,2,6
990,0,0
991,1,2
992,8,2
993,0,1
994,0,0
995,1,0
996,0,-1
997,0,-3
998,3,2
999,0,-1
1000,0,-1
1001,0,3
1002,1,-3
1003,0,-1
1004,0,0
1005,0,0
1006,0,-1
1007,1,1
1008,1,3
1009,-2,4
1010,-1,-1
1011,0,2
1012,0,-1
1013,0,-1
1014,0,2
1015,0,-1
1016,1,1
1017,8,0
1018,2,0
1019,1,0
1020,-1,0
1021,0,-1
1022,0,2
1023,-1,-2
1024,1,0
1025,1,0
1026,2,4
1027,0,1
1028,0,2
1029,0,0
1030,0,0
1031,0,1
1032,0,0
1033,1,1
1034,0,0
1035,1,0
1036,1,2
1037,0,-2
1038,0,0
1039,0,0
1040,1,-1
1041,0,0
1042,0,0
1043,0,1
1044,2,2
1045,0,1
1046,1,3
1047,0,1
1048,0,2
1049,0,0
1050,0,1
1051,0,3
1052,2,1
1053,0,0
1054,-5,1
1055,0,0
1056,1,-3
1057,0,0
1058,1,0
1059,6,1
1060,0,0
1061,0,1
1062,0,-5
1063,0,-1
1064,-3,2
1065,0,0
1066,0,0
1067,-1,0
1068,0,1
1069,0,0
1070,0,1
1071,-1,-2
1072,0,1
1073,0,1
1074,0,0
1075,0,4
1076,0,0
1077,-1,-1
1078,6,1
1079,0,0
1080,0,1
1081,0,-1
1082,0,0
1083,-2,0
1084,0,0
1085,8,1
1086,0,1
1087,0,-2
1088,0,0
1089,1,2
1090,0,1
1091,-2,-3
1092,1,3
1093,5,2
1094,0,3
1095,0,4
1096,-1,1
1097,0,0
1098,0,0
1099,7,1
1100,0,0
1101,0,0
1102,0,1
1103,0,1
1104,0,1
1105,3,2
1106,1,1
1107,0,2
1108,1,2
1109,0,-1
1110,0,0
1111,0,0
1112,0,0
1113,0,-1
1114,0,1
1115,1,1
1116,0,0
1117,0,0
1118,1,1
1119,0,2
1120,0,0
1121,0,-1
1122,0,-2
1123,0,-1
1124,0,0
1125,1,1
1126,0,0
1127,0,-1
1128,3,1
1129,0,-2
1130,0,-1
1131,0,2
1132,0,1
1133,0,-1
1134,1,3
1135,1,1
1136,0,1
1137,-1,-2
1138,0,0
1139,1,4
1140,0,2
1141,-1,-2
1142,0,0
1143,-6,1
1144,0,-2
1145,1,-3
1146,1,0
1147,1,0
1148,0,1
1149,8,3
1150,0,1
1151,0,-1
1152,0,1
1153,0,1
1154,7,2
1155,1,-1
1156,0,-1
1157,1,3
1158,0,-1
1159,0,2
1160,1,3
1161,0,-2
1162,0,0
1163,0,-3
1164,8,1
1165,0,-2
1166,0,-2
1167,1,0
1168,0,0
1169,0,-1
1170,0,0
1171,0,0
1172,0,1
1173,0,-2
1174,8,4
1175,0,-1
1176,1,3
1177,0,1
1178,-1,-3
1179,1,4
1180,0,-1
1181,1,1
1182,0,0
1183,0,-1
1184,0,-1
1185,0,1
1186,0,2
1187,0,-6
1188,-1,-1
1189,0,1
1190,-2,0
1191,0,1
1192,0,-4
1193,0,2
1194,1,1
1195,0,-1
1196,0,-1
1197,0,-1
1198,0,-4
1199,0,-2
1200,0,0
1201,0,-2
1202,0,-1
1203,0,-3
1204,0,0
1205,3,3
1206,0,-2
1207,0,2
1208,3,3
1209,1,2
1210,-6,0
1211,-1,-1
1212,0,1
1213,0,0
1214,0,-4
1215,0,2
1216,2,1
1217,0,3
1218,0,0
1219,0,0
1220,0,-1
1221,0,0
1222,0,-2
1223,0,2
1224,0,-1
1225,1,2
1226,0,1
1227,2,-2
1228,0,3
1229,0,4
1230,0,1
1231,0,1
1232,0,1
1233,0,2
1234,0,-2
1235,1,2
1236,0,1
1237,0,0
1238,1,1
1239,0,2
1240,0,-2
1241,0,1
1242,0,2
1243,0,0
1244,0,1
1245,0,2
1246,1,1
1247,1,0
1248,0,-4
1249,0,0
1250,-1,2
1251,1,0
1252,2,0
1253,0,1
1254,0,-1
1255,0,0
1256,0,-1
1257,0,1
1258,0,-2
1259,1,4
1260,0,0
1261,1,0
1262,0,-2
1263,0,-2
1264,1,0
1265,0,0
1266,0,0
1267,2,0
1268,0,2
1269,0,-2
1270,7,1
1271,-2,-1
1272,0,0
1273,1,0
1274,0,0
1275,0,2
1276,0,-2
1277,0,-1
1278,0,-1
1279,0,2
1280,1,3
1281,0,-1
1282,0,0
1283,0,-3
1284,0,0
1285,2,2
1286,8,2
1287,2,1
1288,0,0
1289,1,4
1290,0,-3
1291,0,-5
1292,0,3
1293,0,-3
1294,0,-2
1295,0,1
1296,-1,0
1297,1,-3
1298,0,0
1299,0,4
1300,1,2
1301,0,1
1302,1,1
1303,0,2
1304,0,1
1305,0,0
1306,0,3
1307,0,1
1308,0,-3
1309,2,0
1310,0,0
1311,0,-2
1312,0,1
1313,0,0
1314,0,-1
1315,1,0
1316,0,2
1317,0,-2
1318,-1,0
1319,0,0
1320,1,-1
1321,-1,2
1322,1,0
1323,0,1
1324,0,3
1325,0,0
1326,0,0
1327,0,2
1328,0,0
1329,0,2
1330,0,0
1331,3,1
1332,-6,3
1333,0,-2
1334,-1,1
1335,0,4
1336,0,1
1337,0,1
1338,1,2
1339,0,1
1340,0,0
1341,0,0
1342,0,-2
1343,0,0
1344,-1,2
1345,-1,-4
1346,0,-1
1347,1,2
1348,0,1
1349,1,1
1350,-1,-1
1351,0,3
1352,0,-3
1353,0,0
1354,0,-2
1355,0,0
1356,0,3
1357,0,-1
1358,0,-2
1359,0,-1
1360,-1,-1
1361,0,-2
1362,1,1
1363,0,1
1364,0,1
1365,1,0
1366,0,0
1367,0,2
1368,0,1
1369,0,0
1370,1,0
1371,-1,-1
1372,-1,-5
1373,1,1
1374,-2,-3
1375,0,2
1376,0,1
1377,1,0
1378,0,0
1379,1,-1
1380,0,1
1381,0,-1
1382,6,2
1383,-1,-2
1384,-6,-1
1385,0,0
1386,1,-1
1387,0,-1
1388,5,3
1389,0,1
1390,0,1
1391,7,0
1392,2,2
1393,0,-1
1394,0,1
1395,0,-2
1396,0,-1
1397,0,-1
1398,0,2
1399,1,0
1400,0,4
1401,0,-1
1402,0,-1
1403,0,0
1404,1,1
1405,0,1
1406,0,0
1407,1,2
1408,1,4
1409,0,0
1410,0,2
1411,1,1
1412,1,3
1413,0,-1
1414,0,0
1415,0,2
1416,0,0
1417,-6,-1
1418,0,-3
1419,1,-1
1420,6,-1
1421,1,0
1422,0,3
1423,1,-2
1424,1,4
1425,0,3
1426,1,0
1427,0,1
1428,0,2
1429,2,3
1430,1,0
1431,0,-1
1432,0,3
1433,0,-2
1434,0,1
1435,0,3
1436,1,1
1437,1,-1
1438,0,0
1439,0,0
1440,0,2
1441,0,2
1442,1,3
1443,0,2
1444,0,2
1445,4,2
1446,0,0
1447,0,0
1448,-1,-4
1449,-1,-3
1450,0,-4
1451,0,-1
1452,0,2
1453,0,-2
1454,0,3
1455,4,2
1456,0,1
1457,0,0
1458,0,1
1459,0,1
1460,0,1
1461,-2,-2
1462,7,3
1463,0,4
1464,0,-3
1465,0,1
1466,0,1
1467,0,-1
1468,0,0
1469,0,3
1470,0,-1
1471,-1,-1
1472,0,3
1473,0,1
1474,0,-1
1475,1,1
1476,0,2
1477,0,5
1478,-1,0
1479,1,1
1480,-5,-1
1481,1,-1
1482,1,1
1483,-1,0
1484,0,0
1485,0,0
1486,0,0
1487,0,-2
1488,0,0
1489,0,2
1490,0,-1
1491,0,1
1492,-6,-2
1493,0,-1
1494,0,1
1495,0,-1
1496,0,3
1497,0,0
1498,0,1
1499,-6,1
1500,0,-1
1501,0,2
1502,0,1
1503,3,1
1504,0,0
1505,0,2
1506,0,2
1507,1,3
1508,1,-1
1509,0,-2
1510,0,1
1511,0,-1
1512,1,0
1513,0,-1
1514,0,2
1515,-5,-1
1516,0,0
1517,0,-1
1518,-4,-3
1519,0,-1
1520,1,0
1521,0,1
1522,0,-1
1523,0,5
1524,0,-1
1525,0,-1
1526,1,-5
1527,0,4
1528,-2,0
1529,0,2
1530,0,1
1531,0,-2
1532,0,0
1533,1,-3
1534,0,1
1535,0,-1
1536,-2,1
1537,0,0
1538,0,-1
1539,-1,-1
1540,0,-1
1541,1,1
1542,1,-1
1543,0,-2
1544,0,-1
1545,0,-1
1546,0,1
1547,0,-1
1548,0,-2
1549,0,1
1550,0,-3
1551,0,0
1552,0,1
1553,1,0
1554,0,1
1555,0,0
1556,1,4
1557,0,0
1558,1,0
1559,0,-1
1560,0,-1
1561,0,1
1562,0,-1
1563,0,0
1564,0,0
1565,0,2
1566,0,-2
1567,0,0
1568,0,1
1569,1,1
1570,0,1
1571,0,-1
1572,0,0
1573,3,2
1574,0,-1
1575,0,2
1576,0,-1
1577,-6,-1
1578,0,-2
1579,0,0
1580,0,2
1581,-2,2
1582,0,0
1583,0,1
1584,0,1
1585,1,0
1586,3,0
1587,0,-4
1588,0,-1
1589,0,3
1590,0,1
1591,0,-2
1592,0,2
1593,0,-3
1594,7,2
1595,0,-1
1596,0,2
1597,3,2
1598,0,0
1599,0,2
1600,0,0
1601,1,1
1602,0,5
1603,0,0
1604,0,-1
1605,2,2
1606,0,2
1607,0,-1
1608,1,-1
1609,1,1
1610,0,2
1611,0,0
1612,0,0
1613,0,-1
1614,1,0
1615,1,2
1616,1,0
1617,0,-2
1618,0,0
1619,0,0
1620,0,3
1621,0,-1
1622,0,0
1623,0,1
1624,1,-1
1625,0,2
1626,0,0
1627,0,-1
1628,0,1
1629,0,-2
1630,0,5
1631,0,1
1632,0,-1
1633,1,1
1634,0,-1
1635,0,4
1636,1,1
1637,0,-3
1638,6,1
1639,0,0
1640,1,2
1641,1,5
1642,1,-2
1643,-1,-4
1644,0,4
1645,0,1
1646,0,3
1647,0,0
1648,-6,2
1649,0,2
1650,0,-1
1651,2,2
1652,0,1
1653,0,2
1654,0,-1
1655,-5,0
1656,0,1
1657,3,1
1658,0,0
1659,0,0
1660,0,1
1661,2,2
1662,0,0
1663,0,1
1664,1,4
1665,0,-2
1666,0,0
1667,3,-1
1668,-3,-1
1669,0,2
1670,0,0
1671,0,-1
1672,1,0
1673,8,4
1674,0,0
1675,0,1
1676,0,0
1677,1,4
1678,0,0
1679,0,3
1680,7,4
1681,0,3
1682,0,3
1683,0,1
1684,0,2
1685,1,2
1686,0,-1
1687,7,2
1688,1,0
1689,0,1
1690,0,1
1691,-4,-1
1692,0,2
1693,0,-1
1694,0,-4
1695,0,2
1696,0,1
1697,0,-2
1698,0,1
1699,0,1
1700,0,1
1701,0,0
1702,1,1
1703,0,0
1704,0,1
1705,0,-3
1706,1,-2
1707,2,7
1708,0,0
1709,-1,-3
1710,-1,0
1711,0,-1
1712,0,0
1713,3,2
1714,0,3
1715,0,0
1716,1,1
1717,0,0
1718,0,0
1719,0,1
1720,0,2
1721,-2,-1
1722,-1,0
1723,0,-2
1724,0,0
1725,0,0
1726,0,-1
1727,3,0
1728,0,-4
1729,1,2
1730,1,3
1731,0,-2
1732,2,1
1733,0,-1
1734,0,-1
1735,0,0
1736,8,1
1737,0,-2
1738,0,2
1739,0,1
1740,6,2
1741,-1,-1
1742,-1,1
1743,0,-4
1744,1,2
1745,-6,0
1746,0,1
1747,0,1
1748,1,0
1749,1,1
1750,0,3
1751,0,0
1752,0,0
1753,0,1
1754,-1,-1
1755,1,4
1756,0,0
1757,1,1
1758,0,1
1759,1,4
1760,7,-1
1761,0,-3
1762,1,2
1763,0,1
1764,0,-1
1765,0,-1
1766,1,1
1767,0,-1
1768,0,-2
1769,0,2
1770,1,4
1771,0,1
1772,-2,0
1773,0,-1
1774,0,1
1775,0,2
1776,0,-1
1777,0,1
1778,0,1
1779,0,2
1780,0,3
1781,0,0
1782,3,2
1783,0,-2
1784,1,3
1785,0,-1
1786,1,0
1787,0,7
1788,0,0
1789,1,1
1790,0,-1
1791,0,0
1792,0,5
1793,0,1
1794,2,5
1795,0,0
1796,0,-1
1797,0,1
1798,-4,0
1799,1,2
1800,0,3
1801,2,2
1802,1,0
1803,0,1
1804,0,2
1805,-6,-2
1806,0,-1
1807,1,3
1808,0,2
1809,1,-1
1810,1,-2
1811,1,0
1812,0,0
1813,0,0
1814,-6,1
1815,0,2
1816,0,0
1817,0,1
1818,3,1
1819,0,1
1820,0,2
1821,0,0
1822,0,3
1823,0,-1
1824,1,1
1825,0,2
1826,0,2
1827,0,1
1828,-1,0
1829,0,-1
1830,0,2
1831,0,3
1832,0,0
1833,0,-1
1834,1,-1
1835,7,1
1836,0,1
1837,0,0
1838,0,0
1839,0,0
1840,0,-4
1841,0,1
1842,0,-2
1843,0,1
1844,0,1
1845,0,-1
1846,0,2
1847,0,0
1848,8,3
1849,0,0
1850,1,0
1851,0,-1
1852,0,1
1853,0,0
1854,1,2
1855,0,1
1856,0,0
1857,1,-1
1858,0,-2
1859,1,0
1860,0,1
1861,0,0
1862,1,-1
1863,0,-2
1864,0,-4
1865,0,0
1866,-1,0
1867,0,0
1868,1,0
1869,0,1
1870,1,0
1871,2,1
1872,0,1
1873,1,2
1874,0,0
1875,0,-3
1876,1,0
1877,0,1
1878,-6,-2
1879,0,3
1880,-1,2
1881,0,-1
1882,0,1
1883,0,-3
1884,-2,-1
1885,1,1
1886,0,-1
1887,2,0
1888,0,1
1889,0,3
1890,1,0
1891,0,0
1892,-1,-4
1893,0,0
1894,0,1
1895,0,0
1896,0,0
1897,6,0
1898,1,1
1899,1,2
1900,0,0
1901,0,4
1902,1,4
1903,0,-1
1904,0,0
1905,0,-2
1906,1,2
1907,0,-1
1908,0,0
1909,0,1
1910,7,-1
1911,0,0
1912,1,-4
1913,0,0
1914,-1,0
1915,0,-1
1916,0,0
1917,-2,-1
1918,0,1
1919,0,0
1920,1,0
1921,0,4
1922,2,2
1923,0,0
1924,0,2
1925,0,4
1926,0,-2
1927,2,4
1928,-4,-3
1929,0,1
1930,0,-2
1931,0,3
1932,0,1
1933,0,0
1934,0,0
1935,1,1
1936,-3,-1
1937,0,-1
1938,0,0
1939,1,3
1940,0,-3
1941,1,3
1942,0,-3
1943,1,1
1944,0,-2
1945,0,0
1946,-1,-2
1947,0,0
1948,1,-1
1949,2,1
1950,0,1
1951,2,0
1952,0,0
1953,3,1
1954,0,1
1955,0,-1
1956,3,1
1957,0,0
1958,0,3
1959,0,3
1960,1,0
1961,0,2
1962,0,-1
1963,0,1
1964,0,0
1965,1,0
1966,0,0
1967,0,-1
1968,0,0
1969,0,-2
1970,0,1
1971,0,-1
1972,0,2
1973,1,1
1974,0,1
1975,1,2
1976,0,1
1977,1,0
1978,0,-1
1979,0,0
1980,0,0
1981,0,0
1982,1,3
1983,0,1
1984,0,2
1985,0,2
1986,0,0
1987,0,1
1988,0,-1
1989,0,0
1990,0,1
1991,0,2
1992,0,2
1993,0,0
1994,8,-3
1995,0,0
1996,0,-2
1997,0,-1
1998,0,1
1999,-1,-1
2000,0,3
2001,0,1
2002,7,0
2003,0,-1
2004,0,0
2005,0,1
2006,6,2
2007,0,2
2008,0,1
2009,0,2
2010,0,3
2011,0,-2
2012,1,0
2013,-1,0
2014,0,3
2015,0,-1
2016,0,-1
2017,0,0
2018,0,-3
2019,0,0
2020,-1,-1
2021,2,2
2022,0,1
2023,-1,0
2024,0,3
2025,1,1
2026,2,2
2027,0,0
2028,0,1
2029,0,-1
2030,0,4
2031,0,0
2032,0,0
2033,0,-1
2034,0,1
2035,1,3
2036,-2,0
2037,7,-1
2038,-1,1
2039,3,1
2040,1,-3
2041,0,-1
2042,1,0
2043,0,2
2044,0,-1
2045,0,0
2046,1,-1
2047,0,-2
2048,0,-1
2049,0,0
2050,0,-1
2051,1,-3
2052,0,-1
2053,0,1
2054,0,1
2055,0,1
2056,0,-1
2057,0,-1
2058,0,2
2059,1,2
2060,0,0
2061,0,1
2062,0,-1
2063,0,1
2064,0,1
2065,1,2
2066,4,-3
2067,0,-1
2068,0,1
2069,0,1
2070,0,0
2071,0,4
2072,0,-1
2073,-2,2
2074,7,0
2075,0,3
2076,0,-1
2077,0,1
2078,0,-1
2079,0,1
2080,0,1
2081,0,1
2082,0,-1
2083,0,-1
2084,0,3
2085,1,1
2086,0,-1
2087,0,-1
2088,-1,0
2089,0,0
2090,0,-1
2091,1,0
2092,1,4
2093,0,0
2094,3,4
2095,1,3
2096,0,0
2097,0,-1
2098,1,0
2099,0,0
2100,0,1
2101,0,2
2102,1,0
2103,0,1
2104,0,-2
2105,1,1
2106,0,3
2107,1,0
2108,0,-1
2109,0,1
2110,1,2
2111,0,1
2112,0,2
2113,-2,-1
2114,0,5
2115,0,0
2116,1,1
2117,0,0
2118,0,1
2119,0,2
2120,0,0
2121,0,-1
2122,1,0
2123,0,2
2124,0,-3
2125,-7,0
2126,0,-3
2127,0,-2
2128,0,2
2129,0,0
2130,0,1
2131,0,1
2132,0,0
2133,0,2
2134,0,3
2135,1,1
2136,0,-1
2137,0,0
2138,0,0
2139,0,0
2140,1,2
2141,0,-5
2142,0,2
2143,1,1
2144,0,2
2145,0,1
2146,0,1
2147,0,-1
2148,0,2
2149,-6,2
2150,-1,0
2151,0,-1
2152,2,1
2153,-1,0
2154,0,0
2155,0,2
2156,0,0
2157,6,-1
2158,-6,-2
2159,0,1
2160,0,5
2161,0,3
2162,0,0
2163,1,0
2164,1,4
2165,0,0
2166,0,-1
2167,0,0
2168,0,0
2169,0,-3
2170,1,1
2171,2,0
2172,0,0
2173,0,1
2174,0,0
2175,0,-2
2176,8,2
2177,0,-1
2178,0,0
2179,1,1
2180,0,1
2181,0,-3
2182,0,1
2183,0,-2
2184,1,-1
2185,0,-3
2186,0,-1
2187,0,1
2188,0,-1
2189,0,0
2190,0,3
2191,0,0
2192,0,3
2193,0,-1
2194,0,1
2195,0,-2
2196,3,4
2197,0,0
2198,0,1
2199,0,2
2200,0,1
2201,0,0
2202,0,1
2203,0,0
2204,0,4
2205,0,0
2206,-1,-2
2207,0,0
2208,0,-1
2209,0,-1
2210,0,-1
2211,0,2
2212,0,0
2213,1,2
2214,-1,-2
2215,5,3
2216,0,1
2217,1,5
2218,0,-1
2219,0,-2
2220,0,0
2221,0,2
2222,0,-2
2223,0,-1
2224,0,0
2225,0,1
2226,0,-1
2227,1,0
2228,0,2
2229,-1,-2
2230,-1,1
2231,0,1
2232,3,1
2233,0,0
2234,0,2
2235,0,0
2236,0,-1
2237,0,0
2238,0,1
2239,0,5
2240,2,1
2241,0,1
2242,0,-2
2243,1,0
2244,0,-3
2245,0,3
2246,0,-2
2247,0,-1
2248,1,1
2249,-6,4
2250,0,1
2251,0,1
2252,0,1
2253,0,-3
2254,0,0
2255,0,0
2256,1,2
2257,1,3
2258,-1,-2
2259,0,1
2260,0,4
2261,0,-3
2262,0,-1
2263,0,0
2264,0,0
2265,0,3
2266,0,0
2267,0,4
2268,0,0
2269,0,-1
2270,0,-1
2271,0,-1
2272,1,0
2273,0,0
2274,0,-1
2275,0,0
2276,0,0
2277,0,1
2278,0,-2
2279,2,2
2280,0,3
2281,0,1
2282,6,-3
2283,3,0
2284,0,1
2285,0,-2
2286,0,-1
2287,0,-2
2288,1,5
2289,1,1
2290,1,-2
2291,0,1
2292,2,1
2293,0,-1
2294,0,-3
2295,1,-2
2296,0,1
2297,0,-2
2298,0,0
2299,-1,-4
2300,0,-1
2301,0,1
2302,0,1
2303,0,1
2304,0,-1
2305,1,-1
2306,0,1
2307,0,1
2308,0,0
2309,-1,-1
2310,0,-2
2311,0,0
2312,0,0
2313,0,-3
2314,0,2
2315,0,0
2316,0,2
2317,0,0
2318,0,-1
2319,0,-2
2320,0,0
2321,-1,1
2322,0,2
2323,4,2
2324,1,0
2325,0,-2
2326,0,1
2327,1,0
2328,0,0
2329,1,2
2330,0,-1
2331,1,2
2332,0,-1
2333,0,-1
2334,1,3
2335,0,0
2336,0,0
2337,1,2
2338,0,0
2339,0,-1
2340,1,2
2341,0,-2
2342,0,1
2343,1,2
2344,0,-1
2345,0,1
2346,0,-3
2347,0,-1
2348,1,0
2349,0,-1
2350,0,3
2351,0,1
2352,0,-2
2353,0,0
2354,-5,0
2355,0,3
2356,0,2
2357,6,3
2358,0,2
2359,0,0
2360,0,0
2361,1,0
2362,1,1
2363,1,7
2364,0,-1
2365,0,1
2366,1,1
2367,0,5
2368,0,1
2369,-1,1
2370,0,0
2371,0,-1
2372,0,-2
2373,0,-2
2374,0,0
2375,0,2
2376,0,0
2377,0,2
2378,0,-1
2379,0,0
2380,1,2
2381,7,0
2382,1,-1
2383,0,-1
2384,0,2
2385,1,2
2386,0,-3
2387,6,-1
2388,0,2
2389,0,-1
2390,0,-1
2391,2,3
2392,1,1
2393,1,0
2394,1,-1
2395,2,2
2396,0,-2
2397,0,0
2398,0,-3
2399,-1,-1
2400,0,-2
2401,0,-1
2402,0,1
2403,0,1
2404,1,0
2405,0,0
2406,1,-1
2407,0,5
2408,-1,-4
2409,0,0
2410,0,1
2411,0,4
2412,0,-1
2413,0,0
2414,1,-1
2415,1,0
2416,0,-1
2417,0,-2
2418,0,-1
2419,0,4
2420,0,1
2421,0,-1
2422,0,0
2423,1,0
2424,0,-1
2425,-1,1
2426,0,0
2427,0,1
2428,0,1
2429,0,-1
2430,7,2
2431,0,1
2432,1,4
2433,0,3
2434,0,1
2435,0,0
2436,1,-3
2437,0,2
2438,0,-7
2439,0,1
2440,2,2
2441,1,1
2442,0,-1
2443,7,0
2444,0,-2
2445,3,0
2446,0,2
2447,0,-2
2448,0,2
2449,0,-2
2450,-6,2
2451,0,-1
2452,0,-1
2453,0,1
2454,1,0
2455,0,2
2456,0,1
2457,0,0
2458,0,1
2459,0,2
2460,0,2
2461,0,-1
2462,-6,5
2463,0,0
2464,1,1
2465,1,3
2466,-3,-4
2467,0,2
2468,1,3
2469,1,2
2470,0,-1
2471,7,2
2472,2,0
2473,1,2
2474,0,1
2475,0,-2
2476,0,0
2477,1,0
2478,0,0
2479,0,-1
2480,-3,0
2481,0,1
2482,0,2
2483,0,-1
2484,0,0
2485,0,-1
2486,0,0
2487,0,-3
2488,0,0
2489,0,2
2490,0,0
2491,0,0
2492,-1,2
2493,0,3
2494,-1,-1
2495,0,1
2496,-1,-1
2497,0,1
2498,0,-1
2499,0,2
2500,0,0
2501,0,1
2502,0,2
2503,0,1
2504,1,0
2505,0,0
2506,6,-2
2507,5,2
2508,0,1
2509,1,1
2510,0,0
2511,3,1
2512,-1,-1
2513,0,1
2514,0,0
2515,3,4
2516,0,0
2517,0,0
2518,0,3
2519,0,3
2520,0,-3
2521,-5,2
2522,0,0
2523,1,0
2524,0,2
2525,0,1
2526,0,0
2527,0,0
2528,0,-1
2529,0,1
2530,0,-2
2531,0,-3
2532,-1,0
2533,-1,-1
2534,1,6
2535,1,-1
2536,0,2
2537,0,-1
2538,0,1
2539,1,2
2540,1,0
2541,0,-2
2542,0,-1
2543,0,0
2544,2,3
2545,0,0
2546,0,0
2547,0,0
2548,0,2
2549,0,0
2550,0,-2
2551,0,-1
2552,0,-1
2553,1,-1
2554,6,1
2555,1,0
2556,-1,0
2557,0,-2
2558,0,1
2559,-1,-1
2560,1,0
2561,0,1
2562,2,2
2563,0,2
2564,0,3
2565,0,1
2566,0,0
2567,-2,1
2568,1,3
2569,0,0
2570,0,0
2571,0,-2
2572,0,-2
2573,2,1
2574,7,5
2575,-1,-3
2576,0,2
2577,1,1
2578,0,1
2579,-1,-2
2580,0,1
2581,0,-1
2582,0,1
2583,1,-1
2584,0,3
2585,1,1
2586,0,4
2587,1,0
2588,0,-4
2589,-1,-4
2590,0,2
2591,1,4
2592,0,2
2593,1,2
2594,0,1
2595,0,0
2596,0,1
2597,0,1
2598,0,2
2599,0,0
2600,0,-1
2601,-1,-3
2602,1,-1
2603,0,-2
2604,0,-1
2605,2,2
2606,0,0
2607,0,-1
2608,0,3
2609,1,1
2610,1,-1
2611,0,0
2612,1,2
2613,0,1
2614,0,-3
2615,0,1
2616,0,2
2617,0,-2
2618,0,3
2619,0,2
2620,-1,-2
2621,3,2
2622,0,-2
2623,0,0
2624,0,0
2625,6,1
2626,1,0
2627,0,2
2628,0,1
2629,0,0
2630,0,0
2631,0,-1
2632,0,-5
2633,0,-4
2634,0,0
2635,0,1
2636,0,-1
2637,0,-1
2638,0,1
2639,0,0
2640,1,1
2641,0,3
2642,0,0
2643,0,0
2644,0,1
2645,0,0
2646,0,-1
2647,0,2
2648,0,-2
2649,0,3
2650,0,1
2651,1,2
2652,1,0
2653,1,-1
2654,0,1
2655,0,4
2656,0,1
2657,-1,1
2658,0,1
2659,0,-1
2660,0,0
2661,0,2
2662,0,0
2663,1,1
2664,0,0
2665,2,1
2666,0,1
2667,0,-2
2668,1,0
2669,1,0
2670,0,0
2671,2,0
2672,1,-1
2673,0,-2
2674,0,-2
2675,0,0
2676,0,1
2677,1,-2
2678,0,-4
2679,0,-1
2680,0,-1
2681,1,1
2682,1,3
2683,0,1
2684,0,4
2685,1,1
2686,0,1
2687,0,1
2688,-6,-1
2689,0,0
2690,0,-1
2691,0,0
2692,1,1
2693,0,0
2694,0,0
2695,0,1
2696,1,2
2697,0,0
2698,0,-1
2699,1,2
2700,0,1
2701,0,0
2702,0,1
2703,0,-1
2704,2,0
2705,0,0
2706,0,-1
2707,1,1
2708,0,-1
2709,-6,0
2710,-5,-1
2711,0,0
2712,0,-5
2713,0,-3
2714,0,0
2715,0,3
2716,0,-1
2717,1,2
2718,0,2
2719,0,-1
2720,-1,-1
2721,0,1
2722,1,1
2723,0,1
2724,1,0
2725,0,0
2726,0,0
2727,0,-3
2728,0,1
2729,0,-1
2730,0,0
2731,0,2
2732,4,4
2733,0,0
2734,0,1
2735,1,0
2736,0,2
2737,1,-1
2738,0,0
2739,0,0
2740,1,0
2741,0,0
2742,0,1
2743,1,3
2744,0,-2
2745,0,1
2746,0,0
2747,0,1
2748,0,-4
2749,0,-1
2750,0,0
2751,4,1
2752,0,1
2753,0,0
2754,1,1
2755,0,-1
2756,0,0
2757,1,1
2758,1,0
2759,-6,1
2760,0,2
2761,1,5
2762,0,-2
2763,0,0
2764,0,-1
2765,0,0
2766,0,0
2767,-1,-2
2768,1,-1
2769,-1,1
2770,0,-1
2771,-1,-2
2772,0,-1
2773,0,-1
2774,0,-1
2775,0,0
2776,-6,0
2777,0,1
2778,0,-1
2779,0,1
2780,0,2
2781,1,3
2782,1,0
2783,0,-2
2784,0,4
2785,0,1
2786,0,-1
2787,0,1
2788,0,1
2789,0,1
2790,0,1
2791,0,1
2792,0,0
2793,1,0
2794,1,5
2795,-6,-3
2796,0,0
2797,0,1
2798,1,2
2799,2,2
2800,1,2
2801,0,2
2802,1,0
2803,0,0
2804,1,3
2805,0,0
2806,0,2
2807,-2,0
2808,0,0
2809,1,1
2810,0,1
2811,1,2
2812,-1,-2
2813,2,1
2814,0,0
2815,0,3
2816,0,-1
2817,0,0
2818,2,1
2819,0,0
2820,0,1
2821,0,2
2822,-6,0
2823,1,2
2824,6,4
2825,0,0
2826,0,0
2827,0,1
2828,0,2
2829,4,1
2830,0,2
2831,0,-1
2832,0,-1
2833,1,2
2834,0,1
2835,-1,0
2836,0,2
2837,0,0
2838,0,0
2839,1,-1
2840,0,0
2841,1,-1
2842,-1,0
2843,0,-1
2844,0,2
2845,0,3
2846,0,1
2847,0,-1
2848,-4,-3
2849,0,3
2850,0,0
2851,0,0
2852,0,0
2853,0,2
2854,0,-1
2855,0,0
2856,0,-1
2857,0,2
2858,1,2
2859,0,-1
2860,0,5
2861,1,1
2862,0,2
2863,1,2
2864,0,4
2865,0,1
2866,1,1
2867,0,1
2868,0,2
2869,-1,-3
2870,0,2
2871,1,-3
2872,0,-1
2873,0,-3
2874,0,-3
2875,1,0
2876,0,3
2877,0,3
2878,3,3
2879,0,1
2880,0,-1
2881,0,1
2882,0,-1
2883,0,-1
2884,0,0
2885,0,3
2886,0,1
2887,0,0
2888,1,0
2889,0,0
2890,0,1
2891,0,2
2892,0,-1
2893,0,-2
2894,0,1
2895,0,-1
2896,-2,0
2897,1,3
2898,0,-1
2899,-7,3
2900,2,0
2901,1,2
2902,5,3
2903,0,2
2904,2,1
2905,1,1
2906,0,3
2907,2,4
2908,0,-3
2909,0,2
2910,1,-2
2911,0,2
2912,0,-2
2913,0,-1
2914,-2,0
2915,1,-1
2916,0,-2
2917,0,-4
2918,0,-3
2919,-1,0
2920,0,1
2921,0,-1
2922,-1,2
2923,0,0
2924,0,-1
2925,0,0
2926,0,1
2927,1,1
2928,0,2
2929,0,0
2930,-5,-1
2931,0,-1
2932,0,0
2933,1,0
2934,0,0
2935,0,3
2936,-1,-2
2937,1,3
2938,0,0
2939,0,-1
2940,0,0
2941,0,0
2942,0,0
2943,-1,-2
2944,0,2
2945,0,3
2946,0,0
2947,0,1
2948,0,0
2949,0,-2
2950,0,1
2951,0,-1
2952,0,1
2953,0,0
2954,0,0
2955,0,0
2956,4,1
2957,1,2
2958,0,-1
2959,0,0
2960,0,-2
2961,0,-3
2962,0,2
2963,0,0
2964,0,-2
2965,0,4
2966,6,0
2967,0,-2
2968,1,2
2969,0,0
2970,0,1
2971,0,1
2972,0,1
2973,2,-1
2974,0,3
2975,1,3
2976,2,-2
2977,1,-2
2978,0,0
2979,1,0
2980,0,0
2981,-1,-5
2982,0,3
2983,0,-1
2984,-1,3
2985,0,-1
2986,1,3
2987,1,-3
2988,0,-2
2989,0,-2
2990,0,-1
2991,0,-2
2992,2,3
2993,1,1
2994,-6,0
2995,0,-1
2996,8,6
2997,2,-1
2998,0,1
2999,0,1
3000,0,1
3001,0,0
3002,1,2
3003,-2,-2
3004,0,0
3005,0,2
3006,1,1
3007,0,1
3008,0,1
3009,1,1
3010,1,0
3011,0,0
3012,1,2
3013,1,1
3014,1,0
3015,0,3
3016,1,1
3017,3,3
3018,0,0
3019,0,1
3020,0,-1
3021,0,2
3022,1,-1
3023,0,2
3024,1,0
3025,2,4
3026,0,1
3027,0,-1
3028,0,0
3029,-1,-2
3030,1,0
3031,7,2
3032,0,-2
3033,1,2
3034,0,2
3035,0,2
3036,1,2
3037,-1,1
3038,0,-1
3039,0,2
3040,0,2
3041,0,0
3042,0,1
3043,7,2
3044,5,0
3045,1,1
3046,0,0
3047,2,-1
3048,0,5
3049,0,2
3050,1,1
3051,0,1
3052,0,-2
3053,0,1
3054,0,3
3055,7,-1
3056,-6,1
3057,6,2
3058,2,4
3059,-1,-1
3060,0,0
3061,0,-1
3062,1,0
3063,1,0
3064,0,4
3065,0,0
3066,-1,5
3067,1,0
3068,0,0
3069,0,2
3070,0,-2
3071,0,1
3072,-1,-1
3073,0,-2
3074,0,-2
3075,2,1
3076,0,0
3077,1,-2
3078,0,0
3079,1,0
3080,1,0
3081,1,2
3082,0,3
3083,1,-1
3084,0,0
3085,0,-2
3086,0,2
3087,0,0
3088,0,-2
3089,1,3
3090,1,4
3091,0,0
3092,0,2
3093,0,1
3094,0,-1
3095,0,1
3096,0,2
3097,-1,1
3098,1,2
3099,0,2
3100,0,0
3101,0,0
3102,0,-1
3103,1,4
3104,0,-1
3105,1,6
3106,0,0
3107,0,-3
3108,1,-2
3109,0,1
3110,0,-1
3111,0,-3
3112,-6,-2
3113,0,0
3114,1,2
3115,0,2
3116,1,3
3117,1,-2
3118,1,2
3119,0,3
3120,0,3
3121,-1,-2
3122,1,2
3123,0,2
3124,0,-3
3125,1,1
3126,0,0
3127,0,3
3128,0,-1
3129,0,0
3130,2,1
3131,0,2
3132,0,0
3133,0,-1
3134,0,-1
3135,0,-3
3136,0,-1
3137,0,1
3138,0,0
3139,2,4
3140,1,-1
3141,2,4
3142,2,1
3143,0,-1
3144,1,-1
3145,0,0
3146,-1,-4
3147,1,0
3148,0,0
3149,0,1
3150,0,3
3151,0,-2
3152,0,-2
3153,1,2
3154,1,1
3155,0,-2
3156,6,8
3157,1,5
3158,1,0
3159,1,0
3160,7,3
3161,0,-1
3162,0,0
3163,0,2
3164,1,1
3165,0,1
3166,0,-1
3167,1,1
3168,1,-1
3169,-5,0
3170,1,0
3171,0,1
3172,0,0
3173,0,-1
3174,0,1
3175,0,1
3176,0,-1
3177,1,3
3178,1,2
3179,-4,-1
3180,1,2
3181,0,0
3182,1,0
3183,0,2
3184,0,-1
3185,0,2
3186,-6,1
3187,0,-4
3188,0,0
3189,1,1
3190,0,1
3191,0,3
3192,1,2
3193,7,3
3194,2,2
3195,0,1
3196,0,-2
3197,-6,1
3198,0,0
3199,2,1
3200,0,-1
3201,0,-1
3202,0,2
3203,1,4
3204,0,0
3205,7,0
3206,0,0
3207,0,-1
3208,0,0
3209,0,-1
3210,1,2
3211,6,3
3212,0,1
3213,0,2
3214,0,1
3215,-1,0
3216,0,2
3217,6,3
3218,-1,1
3219,-1,-4
3220,0,-2
3221,1,0
3222,-1,-2
3223,0,1
3224,0,0
3225,0,2
3226,0,0
3227,0,1
3228,2,3
3229,0,2
3230,0,-3
3231,0,1
3232,-1,1
3233,1,4
3234,0,0
3235,1,-2
3236,0,-3
3237,1,-1
3238,0,1
3239,7,1
3240,0,-2
3241,0,0
3242,0,2
3243,0,1
3244,0,-2
3245,1,2
3246,0,2
3247,0,-1
3248,0,0
3249,0,-1
3250,1,2
3251,0,-1
3252,0,1
3253,0,0
3254,0,1
3255,0,2
3256,1,1
3257,0,-2
3258,0,-1
3259,0,0
3260,0,3
3261,0,4
3262,1,-1
3263,1,0
3264,0,4
3265,0,3
3266,6,-2
3267,0,1
3268,0,1
3269,0,-1
3270,0,0
3271,2,-3
3272,0,-2
3273,0,-1
3274,0,0
3275,1,1
3276,2,1
3277,1,-1
3278,0,3
3279,1,2
3280,0,-3
3281,0,3
3282,0,-3
3283,0,-1
3284,-1,-2
3285,1,-1
3286,1,2
3287,0,1
3288,1,2
3289,0,1
3290,-6,-1
3291,-1,0
3292,0,0
3293,0,6
3294,0,0
3295,0,-1
3296,1,3
3297,2,4
3298,-4,-2
3299,0,1
3300,0,2
3301,0,2
3302,0,0
3303,1,0
3304,1,2
3305,0,2
3306,2,3
3307,0,1
3308,0,-2
3309,1,2
3310,0,-1
3311,-1,1
3312,0,-2
3313,1,-1
3314,0,3
3315,0,0
3316,1,0
3317,1,-2
3318,0,0
3319,1,-1
3320,0,0
3321,0,2
3322,0,2
3323,0,2
3324,1,2
3325,0,0
3326,0,3
3327,1,2
3328,1,1
3329,0,0
3330,0,3
3331,0,3
3332,0,1
3333,1,2
3334,0,0
3335,0,1
3336,1,1
3337,0,1
3338,0,0
3339,0,-1
3340,-1,-1
3341,0,3
3342,1,3
3343,0,-2
3344,0,-1
3345,0,-1
3346,0,1
3347,1,3
3348,0,0
3349,0,1
3350,0,-2
3351,0,-3
3352,1,0
3353,0,3
3354,0,3
3355,0,0
3356,0,-1
3357,0,0
3358,0,1
3359,1,1
3360,0,2
3361,1,0
3362,0,0
3363,0,-1
3364,0,-1
3365,1,2
3366,0,0
3367,0,1
3368,0,-2
3369,0,3
3370,0,0
3371,1,-1
3372,-2,0
3373,0,0
3374,0,-1
3375,0,-2
3376,1,-2
3377,1,1
3378,0,-2
3379,0,-1
3380,1,0
3381,0,2
3382,0,0
3383,1,2
3384,1,1
3385,0,-1
3386,0,-1
3387,0,1
3388,0,0
3389,0,0
3390,0,3
3391,1,2
3392,0,-1
3393,-2,-1
3394,2,0
3395,0,-3
3396,0,0
3397,1,-2
3398,1,1
3399,0,-1
3400,0,0
3401,1,2
3402,0,-1
3403,1,0
3404,-1,1
3405,1,0
3406,0,-3
3407,0,2
3408,1,3
3409,0,1
3410,-4,-1
3411,-1,-2
3412,0,0
3413,1,-2
3414,-1,1
3415,0,-2
3416,0,-1
3417,0,2
3418,0,0
3419,0,3
3420,2,2
3421,2,0
3422,0,-1
3423,0,0
3424,1,-1
3425,0,1
3426,0,3
3427,-1,-2
3428,0,-1
3429,0,-1
3430,1,2
3431,0,0
3432,1,2
3433,8,1
3434,0,0
3435,1,1
3436,0,0
3437,0,-4
3438,3,2
3439,0,1
3440,1,4
3441,1,6
3442,0,0
3443,0,1
3444,0,1
3445,0,3
3446,0,-1
3447,0,1
3448,-1,-2
3449,0,0
3450,1,-1
3451,1,0
3452,0,1
3453,1,1
3454,0,-2
3455,-3,-2
3456,0,2
3457,0,-1
3458,0,3
3459,0,0
3460,1,3
3461,1,0
3462,1,0
3463,1,-2
3464,1,1
3465,1,1
3466,0,2
3467,0,-3
3468,0,0
3469,0,2
3470,0,0
3471,0,3
3472,0,2
3473,0,0
3474,0,0
3475,6,4
3476,0,2
3477,0,-1
3478,1,0
3479,1,1
3480,0,1
3481,1,0
3482,0,-1
3483,1,0
3484,2,2
3485,0,2
3486,0,-3
3487,-1,0
3488,0,-3
3489,3,0
3490,1,4
3491,0,1
3492,0,1
3493,0,-2
3494,1,1
3495,0,0
3496,0,1
3497,0,1
3498,0,0
3499,0,0
3500,0,0
3501,0,-1
3502,0,1
3503,0,1
3504,0,1
3505,0,-1
3506,0,3
3507,0,1
3508,0,0
3509,0,-2
3510,1,1
3511,0,1
3512,0,1
3513,1,0
3514,2,1
3515,1,1
3516,0,6
3517,0,-4
3518,0,0
3519,1,-2
3520,1,-1
3521,0,-2
3522,1,3
3523,0,0
3524,0,2
3525,0,-1
3526,1,1
3527,4,0
3528,1,0
3529,2,5
3530,0,0
3531,-1,0
3532,0,-2
3533,1,2
3534,0,3
3535,0,-1
3536,1,4
3537,1,1
3538,0,4
3539,0,1
3540,0,1
3541,0,-1
3542,0,1
3543,0,4
3544,0,-2
3545,0,0
3546,2,2
3547,0,1
3548,0,1
3549,4,1
3550,0,0
3551,0,-4
3552,0,0
3553,0,0
3554,0,1
3555,1,0
3556,0,3
3557,0,0
3558,0,0
3559,6,0
3560,0,2
3561,0,0
3562,0,1
3563,0,2
3564,1,3
3565,0,-1
3566,0,1
3567,0,0
3568,1,-1
3569,0,2
3570,1,3
3571,1,-1
3572,1,2
3573,0,4
3574,1,4
3575,0,0
3576,2,0
3577,0,1
3578,0,-1
3579,1,-1
3580,0,0
3581,0,0
3582,7,5
3583,-5,-4
3584,0,1
3585,0,-2
3586,1,2
3587,1,0
3588,1,2
3589,0,-1
3590,-1,0
3591,0,1
3592,0,-2
3593,0,1
3594,0,-3
3595,0,0
3596,-1,-1
3597,0,1
3598,0,0
3599,0,1
3600,0,1
3601,-5,2
3602,0,1
3603,-5,-2
3604,1,0
3605,0,-4
3606,-6,2
3607,2,3
3608,0,1
3609,0,1
3610,0,1
3611,0,3
3612,0,3
3613,1,2
3614,0,0
3615,0,0
3616,0,-2
3617,0,0
3618,0,0
3619,0,0
3620,0,0
3621,1,-2
3622,0,1
3623,1,-2
3624,1,1
3625,0,1
3626,0,0
3627,0,1
3628,0,0
3629,0,1
3630,0,2
3631,1,1
3632,1,-1
3633,0,1
3634,1,1
3635,1,2
3636,0,2
3637,0,0
3638,0,0
3639,0,1
3640,1,2
3641,0,1
3642,1,4
3643,0,5
3644,0,3
3645,0,2
3646,0,0
3647,0,1
3648,0,3
3649,0,-1
3650,1,0
3651,0,0
3652,0,0
3653,8,4
3654,0,-5
3655,0,0
3656,1,-1
3657,2,-1
3658,0,0
3659,1,5
3660,0,-3
3661,0,0
3662,-4,-1
3663,0,2
3664,0,-2
3665,1,0
3666,0,0
3667,0,1
3668,0,0
3669,0,2
3670,0,-1
3671,0,-1
3672,0,1
3673,0,2
3674,1,1
3675,-1,-2
3676,0,3
3677,0,4
3678,0,-1
3679,-5,1
3680,1,1
3681,1,1
3682,0,0
3683,1,1
3684,1,4
3685,0,0
3686,0,-5
3687,-1,1
3688,1,0
3689,0,2
3690,0,-1
3691,0,0
3692,0,0
3693,0,-2
3694,0,-2
3695,-5,1
3696,0,1
3697,0,0
3698,0,1
3699,0,-3
3700,5,-1
3701,0,-1
3702,0,1
3703,0,2
3704,0,0
3705,1,2
3706,0,2
3707,1,0
3708,0,0
3709,1,-2
3710,0,3
3711,0,0
3712,-1,0
3713,1,1
3714,0,-2
3715,1,1
3716,0,2
3717,0,0
3718,0,0
3719,0,0
3720,-1,0
3721,0,-1
3722,0,2
3723,0,4
3724,0,0
3725,0,3
3726,3,1
3727,7,-2
3728,7,4
3729,-4,0
3730,0,4
3731,1,4
3732,-1,0
3733,0,0
3734,0,-3
3735,0,2
3736,0,0
3737,0,2
3738,1,2
3739,-1,0
3740,1,1
3741,0,3
3742,0,3
3743,0,-2
3744,2,0
3745,0,2
3746,1,0
3747,0,1
3748,4,4
3749,0,0
3750,0,3
3751,2,3
3752,-1,-2
3753,0,2
3754,0,1
3755,1,1
3756,0,4
3757,0,-2
3758,1,1
3759,1,1
3760,0,1
3761,1,1
3762,1,0
3763,0,-4
3764,2,2
3765,-3,-3
3766,0,0
3767,0,1
3768,0,0
3769,0,0
3770,0,3
3771,0,2
3772,-5,0
3773,0,-1
3774,0,3
3775,0,-3
3776,1,-1
3777,0,4
3778,0,0
3779,0,0
3780,1,3
3781,1,-1
3782,0,0
3783,0,2
3784,0,-1
3785,0,0
3786,0,2
3787,0,2
3788,0,1
3789,0,3
3790,0,0
3791,0,-1
3792,0,2
3793,1,1
3794,0,-2
3795,0,2
3796,0,-2
3797,0,-3
3798,0,0
3799,1,-1
3800,0,0
3801,0,0
3802,0,2
3803,0,-1
3804,0,-2
3805,0,-3
3806,1,0
3807,1,2
3808,3,4
3809,0,2
3810,0,0
3811,0,0
3812,-1,1
3813,0,1
3814,0,2
3815,1,-1
3816,0,1
3817,0,-1
3818,0,2
3819,0,2
3820,0,0
3821,0,1
3822,2,0
3823,0,-1
3824,0,0
3825,0,0
3826,0,2
3827,0,-2
3828,0,0
3829,-1,-3
3830,-6,-2
3831,0,-1
3832,0,1
3833,0,0
3834,0,0
3835,0,1
3836,0,0
3837,1,2
3838,0,-2
3839,1,-1
3840,-1,3
3841,0,1
3842,1,-4
3843,0,-1
3844,0,-1
3845,0,0
3846,0,3
3847,0,0
3848,0,0
3849,0,1
3850,1,2
3851,1,1
3852,-6,1
3853,0,0
3854,0,2
3855,0,1
3856,0,2
3857,0,0
3858,0,-1
3859,0,1
3860,0,2
3861,0,-2
3862,-1,2
3863,0,1
3864,1,1
